{"cameraMode":{"drawMode":0,"name":"Shaded","section":"Shading Mode"},"sceneLighting":true,"audioPlay":false,"sceneViewState":{"showFog":true,"showMaterialUpdate":false,"showSkybox":true,"showFlares":true,"showImageEffects":true,"showParticleSystems":true},"in2DMode":false,"pivot":{"x":48.271339416503909,"y":0.5994877219200134,"z":45.58535385131836},"rotation":{"x":0.00013574087643064559,"y":-0.9998308420181274,"z":-0.017689570784568788,"w":-0.010523496195673943},"size":3.246767520904541,"orthographic":false}